{"cameraMode":{"drawMode":0,"name":"Shaded","section":"Shading Mode"},"sceneLighting":true,"audioPlay":false,"sceneViewState":{"showFog":true,"showMaterialUpdate":false,"showSkybox":true,"showFlares":true,"showImageEffects":true,"showParticleSystems":true},"in2DMode":false,"pivot":{"x":0.3975033760070801,"y":0.9425322413444519,"z":-5.128016471862793},"rotation":{"x":-0.15964744985103608,"y":0.6727437376976013,"z":-0.15207095444202424,"w":-0.7062613368034363},"size":10.0,"orthographic":false}