{"cameraMode":{"drawMode":0,"name":"Shaded","section":"Shading Mode"},"sceneLighting":true,"audioPlay":false,"sceneViewState":{"showFog":true,"showMaterialUpdate":false,"showSkybox":true,"showFlares":true,"showImageEffects":true,"showParticleSystems":true},"in2DMode":false,"pivot":{"x":-0.4621463418006897,"y":0.6166767477989197,"z":-3.6629292964935304},"rotation":{"x":-0.06764551252126694,"y":0.057433344423770908,"z":-0.0039008334279060365,"w":-0.9960498809814453},"size":10.0,"orthographic":false}