{"cameraMode":{"drawMode":0,"name":"Shaded","section":"Shading Mode"},"sceneLighting":true,"audioPlay":false,"sceneViewState":{"showFog":true,"showMaterialUpdate":false,"showSkybox":true,"showFlares":true,"showImageEffects":true,"showParticleSystems":true},"in2DMode":false,"pivot":{"x":-0.525245726108551,"y":1.8572735786437989,"z":-8.996703147888184},"rotation":{"x":0.22921426594257356,"y":-0.4869671165943146,"z":0.1341484785079956,"w":0.8320642113685608},"size":1.6950523853302003,"orthographic":false}