{"cameraMode":{"drawMode":0,"name":"Shaded","section":"Shading Mode"},"sceneLighting":true,"audioPlay":false,"sceneViewState":{"showFog":true,"showMaterialUpdate":false,"showSkybox":true,"showFlares":true,"showImageEffects":true,"showParticleSystems":true},"in2DMode":false,"pivot":{"x":-2.2387001514434816,"y":0.7137107849121094,"z":-7.91448974609375},"rotation":{"x":0.08927082270383835,"y":-0.08148316293954849,"z":-0.007324999663978815,"w":-0.9926504492759705},"size":2.140195608139038,"orthographic":false}