{"cameraMode":{"drawMode":0,"name":"Shaded","section":"Shading Mode"},"sceneLighting":true,"audioPlay":false,"sceneViewState":{"showFog":true,"showMaterialUpdate":false,"showSkybox":true,"showFlares":true,"showImageEffects":true,"showParticleSystems":true},"in2DMode":false,"pivot":{"x":13.135833740234375,"y":4.519876956939697,"z":-0.995722770690918},"rotation":{"x":-0.0015301910461857916,"y":0.930938184261322,"z":0.003901031566783786,"w":0.36515361070632937},"size":10.0,"orthographic":false}