{"cameraMode":{"drawMode":0,"name":"Shaded","section":"Shading Mode"},"sceneLighting":true,"audioPlay":false,"sceneViewState":{"showFog":true,"showMaterialUpdate":false,"showSkybox":true,"showFlares":true,"showImageEffects":true,"showParticleSystems":true},"in2DMode":false,"pivot":{"x":-0.5552055835723877,"y":0.7850344181060791,"z":-7.323967456817627},"rotation":{"x":0.07972361147403717,"y":0.011454492807388306,"z":-0.0009656513575464487,"w":0.9967963695526123},"size":3.4182310104370119,"orthographic":false}