{"cameraMode":{"drawMode":0,"name":"Shaded","section":"Shading Mode"},"sceneLighting":true,"audioPlay":false,"sceneViewState":{"showFog":true,"showMaterialUpdate":false,"showSkybox":true,"showFlares":true,"showImageEffects":true,"showParticleSystems":true},"in2DMode":false,"pivot":{"x":4.745312690734863,"y":-0.5645045042037964,"z":-8.918213844299317},"rotation":{"x":-0.04985328018665314,"y":-0.7078110575675964,"z":0.050203438848257068,"w":-0.7028669714927673},"size":19.495492935180665,"orthographic":false}