{"cameraMode":{"drawMode":0,"name":"Shaded","section":"Shading Mode"},"sceneLighting":false,"audioPlay":false,"sceneViewState":{"showFog":true,"showMaterialUpdate":false,"showSkybox":false,"showFlares":true,"showImageEffects":true,"showParticleSystems":true},"in2DMode":false,"pivot":{"x":-0.03632767125964165,"y":0.29996487498283389,"z":-3.494365692138672},"rotation":{"x":-0.01464551966637373,"y":-0.29109495878219607,"z":0.004457865376025438,"w":-0.9565832018852234},"size":2.8578836917877199,"orthographic":false}