{"cameraMode":{"drawMode":0,"name":"Shaded","section":"Shading Mode"},"sceneLighting":true,"audioPlay":false,"sceneViewState":{"showFog":true,"showMaterialUpdate":false,"showSkybox":true,"showFlares":true,"showImageEffects":true,"showParticleSystems":true},"in2DMode":false,"pivot":{"x":-2.07562518119812,"y":0.7905265092849731,"z":-8.679359436035157},"rotation":{"x":0.020304668694734575,"y":-0.026498062536120416,"z":0.0004349177470430732,"w":0.9994924068450928},"size":4.230477809906006,"orthographic":false}