{"cameraMode":{"drawMode":0,"name":"Shaded","section":"Shading Mode"},"sceneLighting":true,"audioPlay":false,"sceneViewState":{"showFog":true,"showMaterialUpdate":false,"showSkybox":true,"showFlares":true,"showImageEffects":true,"showParticleSystems":true},"in2DMode":false,"pivot":{"x":-2.9639999866485597,"y":0.336212158203125,"z":-8.744999885559082},"rotation":{"x":-0.023189716041088105,"y":0.007997353561222554,"z":0.00008207356586353853,"w":0.9997488260269165},"size":2.430478096008301,"orthographic":false}