{"cameraMode":{"drawMode":0,"name":"Shaded","section":"Shading Mode"},"sceneLighting":true,"audioPlay":false,"sceneViewState":{"showFog":true,"showMaterialUpdate":false,"showSkybox":true,"showFlares":true,"showImageEffects":true,"showParticleSystems":true},"in2DMode":false,"pivot":{"x":6.906435489654541,"y":-0.48352208733558657,"z":-3.3358747959136965},"rotation":{"x":0.11113763600587845,"y":0.36899039149284365,"z":-0.044493623077869418,"w":0.921700119972229},"size":13.96199893951416,"orthographic":false}